name,lane,source,contact,status,next_action,next_action_date,fee_or_trade,notes,created
E2 Biz Connect End of Summer Mixer,modeling,Linear TRI-301 / Eventbrite,https://www.eventbrite.com/e/e2-biz-connect-end-of-summer-mixer-tickets-1996652175405,hold,RSVP free ticket; decide solo vs +1; print business cards,2026-09-22,free entry / networking trade,"Thu 2026-09-24 6–8 PM. Wolfe Heights Estates Winery 9440 Bar Du Lane Sac 95829. Org E2 Business Network e2bizconnect@gmail.com. Linear TRI-301.",2026-09-22
E2 Biz Connect — day-before prep,modeling,follow-up,e2bizconnect@gmail.com,warm,E−1 wardrobe + parking/arrive-by plan for Wolfe Heights,2026-09-23,—,Milestone E−1 for 2026-09-24 mixer.,2026-09-22
E2 Biz Connect — post-event follow-ups,modeling,follow-up,TBD,warm,Thank-yous + 1–2 social posts; log 3–5 new contacts into leads,2026-09-27,trade content,Milestone E+1–3 after mixer.,2026-09-22
Dîner en Blanc Sacramento,modeling,Instagram invite,https://www.instagram.com/dinerenblancsacramento/,confirmed,Post-event: chase photographer raws; archive day-of notes,2026-10-03,trade host seat $0 / guests pay own tickets,"Event 2026-09-19 done at Capital, Sacramento downtown. 3 connections. Raws due 2026-10-03.",2026-09-19
DEB Photographer (TBD name),modeling,Ashliee invite,TBD,warm,Deliver raws/selects ≤14 days post-event,2026-10-03,trade seat on Ashliee table,"Raws due 2026-10-03. Name/contact still needed.",2026-09-19
DEB post-event social,modeling,follow-up,TBD,warm,Finish DEB social posts if still open; else close,2026-09-22,trade content,"E+1–3 window ending 2026-09-22. Project note 2026-09-28: Capital downtown, 3 connections.",2026-09-19
LA Fashion Week audition,modeling,Ashliee project activity,TBD,hold,Prep today for Tue 1:30 PM virtual Fashion Week audition,2026-09-28,TBD,"Call 2026-09-29 1:30 PM. Debrief 2026-09-30.",2026-09-28
LA Fashion Week audition debrief,modeling,follow-up,TBD,warm,Write what they asked for and the next step after the call,2026-09-30,—,E+1 after 2026-09-29 call.,2026-09-28
Lucid Winery fashion show,modeling,Ashliee project activity,TBD,hold,Confirm call time and designer contacts (Exquisite U Libush),2026-10-02,runway rate TBD,"Show 2026-10-09. Lucid Winery downtown R Street. Wardrobe 2026-10-08. Social 2026-10-12. Raws 2026-10-23.",2026-09-28
Florin Square Mall fashion show,modeling,Ashliee project activity,TBD,hold,Confirm call time; name the two designers besides Exquisite U and Mario B,2026-10-03,runway rate TBD,"Show 2026-10-10 community event at Florin Square Mall. Wardrobe shared 2026-10-08. Social 2026-10-13. Raws 2026-10-24.",2026-09-28
